Unnamed: 0,Tweets,ID,Sentiment
0,"@vijaythottathil @RahulGandhi @kcvenugopalmp After 2014 they have been revamping. But, where? 

They can‚Äôt even run‚Ä¶ https://t.co/x3Xt9PSlZr",1339158238785257475,0
1,"@RahulGandhi Rahul ji u r an most irresponsible political leader in my country sir,peoples struggling each and ever‚Ä¶ https://t.co/jJJnF3eKCr",1339158232200171520,1
2,"RT @BefittingFacts: .@RahulGandhi See how your government treats ""AnnaData"". These farmers were protesting against New Bills only. @diljitd‚Ä¶",1339158176675946496,1
3,"@akashksingh399 @noneghjgj @tanurism @Multiverse_soul @RahulGandhi He was chosen after election ,
Nobody knew if Co‚Ä¶ https://t.co/5qjIQpeijm",1339158165049409537,0
4,"RT @SunainaHoley: So called #FarmersProtest goes to another level. 
Not only Pizza, leg massage &amp; jazz but also Liquor &amp; Sex Workers are av‚Ä¶",1339158150683844609,0
5,"2002, Land grab, fake encounters, disturbing communal harmony, electoral funding, fake degree, abandoning wife, cro‚Ä¶ https://t.co/IegSSRiNIX",1339158147290697729,-1
6,@RahulGandhi @priyankagandhi @Mandira41591906 see Congress MLC .. https://t.co/DZ11xq3C0x,1339158146288242688,0
7,@RahulGandhi No comments https://t.co/N0BCxb5mdn,1339158124368855041,0
8,"RT @Thecongressian: @RahulGandhi How PM Indira Gandhiji  split Pak into two and liberated Bangladesh .
#VijayDiwas https://t.co/nynngzaole",1339158098733240320,0
9,"@RahulGandhi Correct your sentence , not pradhan mantari ka its pradhan mantari ko",1339158093624606720,0
10,"RT @yippeekiyay_dk: @RahulGandhi Modi Govt's every ""patriotic decision"" creates a new ""gang"" in India.

For the sake of Akhand Bharat, Nare‚Ä¶",1339158093515509760,1
11,RT @PCheppudira: @RahulGandhi The sole aim of existence of Gandhies  is to damage India and they are doing a good job of it and hence maste‚Ä¶,1339158090604679168,1
12,RT @RahulGandhi: Further confirmation that BJP-RSS control Facebook in India. https://t.co/rsrAoMHYIW,1339158085013671936,0
13,@prasantadu07 @Priyanka24Sri @GG_Yoga @savukku @INCIndia @RahulGandhi Oh ü§£ü§£ chutiya .. how dumb you are ..ok see th‚Ä¶ https://t.co/xX10o2D9bJ,1339158076927037440,1
14,"RT @TheAngryLord: A budding actress, Ayesha Ashfaq Khan, was raped in 2013 and has been demanding justice. I'm sure @RahulGandhi will help‚Ä¶",1339158066172841985,1
15,@MajorPoonia @RahulGandhi Should all arrest,1339158059994677248,-1
16,"RT @RahulGandhi: For Modi Govt:

Dissenting students are anti-nationals. 
Concerned citizens are urban naxals. 
Migrant labourers are Covid‚Ä¶",1339158023307223040,0
17,@RahulGandhi Sir thoda 1962 ki bhi baat karen? When land was handed over saying not a blade of grass grows? Kuch opinion aapka,1339157991946215425,0
18,@17Shaikhfarha @RahulGandhi We want #nrc,1339157979254247426,0
19,@nidais4you @RahulGandhi Magar Tino khatm to door.... or doble ho gae....ü§îüôÑüòä.. True üáÆüá≥,1339157956386906112,1
20,"RT @VoiceOfAndhra_: @RahulGandhi Please tweet in support of #AmaravatiPeoplesCapital 
Farmers who gave their lands to the govt are protesti‚Ä¶",1339157948279390209,0
22,@RahulGandhi Sam Manekshaw was the main hero of 1971 victory and it was he under whom leadership we captured 92000e‚Ä¶ https://t.co/kwFf72v9RX,1339157863613091842,1
24,"Podcast: Future Generations Will Never Forgive Us If We Allow India to Become Like Nazi Germany
Very True!
I wasn‚Äôt‚Ä¶ https://t.co/tpkUk8QYrl",1339157842067136515,1
26,@RahulGandhi Neo Robin Hood!!!!,1339157832516599808,0
27,@RahulGandhi we are middle class but still the way they were increasing rate of gas we took breath of relief when f‚Ä¶ https://t.co/rafCjAK2HV,1339157827122675713,0
29,RT @GoofyOlives: @RahulGandhi Still they kept on sending forces and support for khalistanis and separatists in NE and Kashmir. What a joke‚Ä¶,1339157816355946497,0
31,RT @realind68875735: @RahulGandhi Are you serious? What happened after the Mumbai attacks? Why were questions raised on the Surgical strike‚Ä¶,1339157791445929985,-1
32,@Amit62959023 @INCIndia @KomatireddyKVR @revanth_anumula @manickamtagore @RahulGandhi @kcvenugopalmp God knows,1339157775767597057,0
33,@MajorPoonia @RahulGandhi Why was the Chairman of the MLC not allowed to sit in his rightful seat Major Sahib?,1339157773578240000,1
36,"Mulaqat !!!

@KomatireddyKVR  with @RahulGandhi . ‚ù§Ô∏è‚ù§Ô∏è‚ù§Ô∏è
In last phase of electing Telangana - Pradesh Congress Com‚Ä¶ https://t.co/GFRnOj7tVt",1339157718410543110,0
37,"@RahulGandhi 
You have only way for rest of your life;
Declare all your Gandhi-vadra money and asset spread across‚Ä¶ https://t.co/8Osbg4wmSK",1339157698013589506,0
38,@asmatasleem11 @KomatireddyKVR @RahulGandhi @kcvenugopalmp @manickamtagore That's ok. But how powerful he is to tak‚Ä¶ https://t.co/yk00SfpoqN,1339157657567993856,1
40,"RT @TajinderSTS: @HardeepSPuri @amitmalviya @Jairam_Ramesh @RahulGandhi has badly infected his whole Congress Party with virus of Lying ,cr‚Ä¶",1339157645089914880,-1
45,@Hiddendanger56 @KomatireddyKVR @RahulGandhi @kcvenugopalmp @manickamtagore Done...,1339157575565111297,0
46,RT @BhalekarRhea: This is really heart wrenching why is media not demanding justice for Ayesha ? @BDUTT are you waiting for @RahulGandhi to‚Ä¶,1339157534670790656,1
48,"@RahulGandhi Dude, you‚Äôre not even an armchair politician you‚Äôre more like a beanbag politician offering comments o‚Ä¶ https://t.co/0bRzDXld2N",1339157501862948864,1
49,@RahulGandhi Its time to hit the streets and force government to take back the increased rates,1339157497605550080,0
52,"@okmansai @VinayDokania @RahulGandhi Chutia it is JOKE , you are fit case to become piddi, btw be man and put your‚Ä¶ https://t.co/HcLkutDc4V",1339157365887647750,1
53,@RahulGandhi What about operation bluestar,1339157321583214593,0
54,"RT @_alag_duniya: @Meenaks38351057 @RahulGandhi , please put some remark on it",1339157318924029954,0
55,"RT @INCObaid: Patriotism has to be in heart, not in pretense. 

Pretense cannot be patriotism. Things done or used for the purposes of vote‚Ä¶",1339157308148858882,0
56,@RahulGandhi Finally agreed.,1339157295872282624,0
57,"@amnesty It's 4degC in #Delhi Thousands of our countrymen r sleeping in the open,a few miles away from the PALACE o‚Ä¶ https://t.co/yWpCVt282O",1339157287936557057,-1
58,"RT @INCObaid: Let me remind all on the occasion of #VijayDiwas that @RahulGandhi has raised Chiniese incursion issue again and again, but M‚Ä¶",1339157284824338432,0
59,@RahulGandhi Yep BJP IT cell propaganda‚Äôs..#TakeBackFarmLaws #tractorstotwitter,1339157281620045824,-1
61,@RahulGandhi they don't care for people who are poor now every one can't use gas pipe line those who can't use most‚Ä¶ https://t.co/GqsUU7jJWS,1339157266117787648,1
62,@Venkyboggarapu @INCIndia @KomatireddyKVR @revanth_anumula @manickamtagore @RahulGandhi @kcvenugopalmp Why leaders of congress sleeping,1339157266084216832,0
63,"@RahulGandhi During UPA marginal #LPGPriceHike despite high global prices, PM Modi used to do such cheap Nautanki.‚Ä¶ https://t.co/D12twxMBAz",1339157264930799619,1
64,@Mynation_BH @satyasoochak @love_a_man @MyNation_net @MensDayOutIndia @rashtrapatibhvn @narendramodi @RahulGandhi‚Ä¶ https://t.co/fXe26ndEjf,1339157231091126273,0
69,@RahulGandhi Pl go to Firoz khan tomb he was yr baba two flower with,1339157111616376834,0
70,@RahulGandhi Yes you were kid then now you still are a kid who can speak that is why Pakistan doesn't fear I assume‚Ä¶ https://t.co/KFcOJ8vmwd,1339157109489864709,0
71,@vijaythottathil @RahulGandhi @kcvenugopalmp Very much necessary to revamp the party on merit to get upper hand in general elections,1339157104444108804,1
72,RT @PCheppudira: @RahulGandhi MMS has destroyed office of PM &amp; had been reduced to a remote control joke at hands of Sonia. To make matters‚Ä¶,1339157097334771715,-1
74,"@Baliramyadav007 @RahulGandhi If biogas arrived for 150 rupees/cylinder, 90 petrol, as of now 700(+50 in a day) Coo‚Ä¶ https://t.co/PnIHYHa5In",1339157077592305665,0
75,@MohitCh76203174 @RahulGandhi Spne me üòÇ,1339157077592133633,0
76,@RahulGandhi This is done so that people who need it on a subsidized basis can get it more easily by making people‚Ä¶ https://t.co/cvEvMF3g2X,1339157074664570880,1
81,@ShobhaBJP @INCKarnataka @RahulGandhi @payalmehta100 @davidfrawleyved @TVMohandasPai @sambitswaraj @Sunil_Deodhar‚Ä¶ https://t.co/u8UAaqvwiM,1339157035405885441,0
82,RT @Mynation_BH: @love_a_man @MyNation_net @MensDayOutIndia @rashtrapatibhvn @narendramodi @RahulGandhi @rsprasad @RajThakre09 @ThakreUddha‚Ä¶,1339157034743132160,0
83,@RahulGandhi Why were u absent from the parliamentary session when the bill was discussed.. why didnt u  voice ur c‚Ä¶ https://t.co/eXSe1rh99G,1339157031077335042,0
84,@mr_vasim30 @RahulGandhi Oh yes !! https://t.co/foQGvnEQer,1339156965138657281,0
85,@APRAHULSENAGRO @RahulGandhi Seriously https://t.co/IznOerBDxr,1339156961900695552,-1
87,"For Modi Government only their corporate friends are right and everyone else is wrong.
@INCIndia @RahulGandhi https://t.co/Bb65IzR0I4",1339156902177955840,-1
88,@RahulGandhi The sole aim of existence of Gandhies  is to damage India and they are doing a good job of it and henc‚Ä¶ https://t.co/vNdUMxTM4A,1339156899577524225,1
89,"RT @lawrencebing: Congressman @FellowcitizenES with farmers during ongoing protect 
#SpeakUpForFarmers 
@RahulGandhi @priyankagandhi @srini‚Ä¶",1339156897463631873,0
90,"RT @asmatasleem11: Telangana is a child of Sonia ji, the family which is ruling must be grateful to her.
@KomatireddyKVR sir, it was your s‚Ä¶",1339156870116700162,0
91,RT @DrINCsupporter: @RahulGandhi Very few leaders have the opportunity to redraw the map of the region ... that is what PM Indira Gandhi ji‚Ä¶,1339156825841696768,-1
92,"@ANI @BJP4India has an art to bring everything around @RahulGandhi .
This protest is not lead by opposition party b‚Ä¶ https://t.co/TPOjHNxfck",1339156811820138496,0
93,"Dear @RahulGandhi ,come back,take charge as party‚Äôs president and lead the congress.Not alone congress needs you,In‚Ä¶ https://t.co/nFC7YPWNZE",1339156810092068864,0
94,@SanjaySDutt @KS_Alagiri @RahulGandhi @INCIndia @INCTamilNadu @INCPuducherry @priyankagandhi @kcvenugopalmp‚Ä¶ https://t.co/Q8rBQJm39M,1339156795550433282,0
97,"@StudentneedsJ @RahulGandhi Wah comparing black market price and subsidy supported price.
Only true pappu followers can compare it.",1339156766399991808,1
98,"@RahulGandhi December 11th 2013 , do u know what was the LPG price in Chennai ? It was rs 1014 /- compare it to rs‚Ä¶ https://t.co/XgnntXkGBh",1339156749811470337,0
99,Best gift to @RahulGandhi https://t.co/8PuENU8qqG,1339156708849930240,1
